hn,name,last_name,tel,email,dob,house_num,building,road,sub_district,district,province,zip_code,status,application_dt
57001,นันทิยา,ดวงตา,091-050-0610,oolynoe.nn288@gmail.com,12APR2533,8/65-72,,สุนทรโกษา,คลองเตย,คลองเตย,กรุงเทพ,10110.0,from Excel file,2022-01-01
57002,นงพนา,พยัคฆาธรรม,095-474-6974,-,20APR2533,3,,นราธิวาส 18,ช่องนนทรี,ยานนาวา,กรุงเทพ,10120.0,from Excel file,2022-01-01
57003,รศยุพา (K.ต้อม),มีคะเสน,081-644-7029,rosyupa@set.or.th,20APR2533,51/229,,พหลโยธิน,หลักหก,เมือง,ปทุมธานี,12000.0,from Excel file,2022-01-01
57004,ศิรินันท์ (อ้อ),ศิริพานิช,081-809-9491,sirisiripanich@gmail.com,10JUN2527,86/7,,สุขุมวิท 31,คลองตันเหนือ,วัฒนา,กรุงเทพ,10110.0,from Excel file,2022-01-01
57005,ชญาธร,เดชเลิศกำจร,080-184-2626,,02OCT2506,599/12,,รัชดาภิเษก,จตุจักร,จตุจักร,กรุงเทพ,10900.0,from Excel file,2022-01-01
57006,วรวิทย์,ศิริพากย์,081-822-2525,vsiripark@panpuri.com,02OCT2506,44,17th Smooth life Tower ,สาธรเหนือ,สีลม,บางรัก,กรุงเทพ,10500.0,from Excel file,2022-01-01
57007,Yin Mui (Kelly),Yeung,,,02OCT2506,,,,,,,,from Excel file,2022-01-01
57008,Samson,Yeung,,sansom@sharpca.com.hk,02OCT2506,,,,,,,,from Excel file,2022-01-01
57009,Liliane,Leang,081-890-1292,lilianeleang@gmail.com,14DEC2525,39/401,,สาทรใต้,ยานนาวา,,กรุงเทพ,10120.0,from Excel file,2022-01-01
57010,นลินรัตน์,พูลวรลักษณ์,083-515-5954,,02JUN2506,31/1,,ตากสิน33,คลองสาน,ธนบุรี,กทม.,10600.0,from Excel file,2022-01-01
57011,วิชัย,พูลวรลักษณ์,,,02JUN2506,31/1,,ตากสิน33,คลองสาน,ธนบุรี,กทม.,10600.0,from Excel file,2022-01-01
57012,พรรณวิลาส (เจน),ชัยเชาวรัตน์,082-416-9393,,02JUN2506,9/175,,ศรีนครินร์ 46/1,หนองบอน,ประเวศ,กรุงเทพ,10250.0,from Excel file,2022-01-01
57013,ชนกวนันท์,รักชีพ,095-645-6659,tooktook24@hotmail.com,02JAN2521,66/6,,รามอินทรา66 แยก4,รามอินทรา,คันนายาว,กรุงเทพ,10230.0,from Excel file,2022-01-01
57014,Darika,Jagota,081-964-2661,darikajagota@gmail.com,26SEP2528,110/68,Millenium  Residence,,สุขุมวิท 20,คลองเตย,กรุงเทพ,10110.0,from Excel file,2022-01-01
57015,เจษฎา,โตวิรัตน์,086-350-2525,,21APR2522,56,,พึ่งมี 50 สุขุมวิท 93,บางจาก,พระโขนง,กรุงเทพ,10260.0,from Excel file,2022-01-01
57016,ชญาดา (พี่ก้อย),วิภัติภูมิประเทศ,081-564-3333,goichayada@yahoo.com,09NOV2518,54,,สุวินทวงศ์,มีนบุรี,มีนบุรี,กรุงเทพ,10510.0,from Excel file,2022-01-01
57017,กานต์กนิษฐ์ (พี่กานต์),แห้วสันตติ,092-626-9615,karnkanit.h@gmail.com,31DEC2519,35,,พหลโยธิน19/1,จตุจักร,จตุจักร,กรุงเทพ,10900.0,from Excel file,2022-01-01
57018,ชนาธิป (พี่โอ๋),นิติภานนท์,089-990-0224,oohwwa@hotmail.com,20JUN2518,9/515,,,คันนายาว,คันนายาว,กรุงเทพ,10230.0,from Excel file,2022-01-01
57019,วรวุฒิ (แชมป์),วัชนุชา,084-178-0125,baaboo@outlook.com,23JUL2530,ไม่สะดวกให้ที่อยู่,,,,,กรุงเทพ,,from Excel file,2022-01-01
57020,วุฒิไกร (พี่โอ),ศรีธวัช ณ อยุธยา,089-990-0224,,17JUL2518,9/515,,,คันนายาว,คันนายาว,กรุงเทพ,10230.0,from Excel file,2022-01-01
57021,สุรัตน์ ,อนุเดช,094-465-5915,suratoat@hotmail.com,20JUL2530,31,,ประชาราษฎ์1,บางซื่อ,บางซื่อ,กรุงเทพ,10800.0,from Excel file,2022-01-01
57022,เปิ้ล,ลิ้วห้อง,089-645-1495,apple_za_09@hotmail.com,28OCT2534,1444/20,,ถนนนครไชยศรี,ดุสิต,ดุสิต,กรุงเทพ,10300.0,from Excel file,2022-01-01
57023,จิรกิตต์  (แวม),โคนำชัยพร,086-808-6616,,19NOV2526,224,,ศรีอยุธยา,วชิรพยาบาล,ดุสิต,กรุงเทพ,10300.0,from Excel file,2022-01-01
57024,ED,NG,,,19NOV2526,,,,,,,,from Excel file,2022-01-01
57025,วิยะดา,เกิดมงคล,094-645-6263,,23MAR2528,1444/20,,ถนนนครไชยศรี,ดุสิต,ดุสิต,กรุงเทพ,10300.0,from Excel file,2022-01-01
57026,ธาดา (เปรี้ยว),เสนาะ,087-555-9150,,23MAR2528,89/8,,กรุงธน,,คลองสาน,กรุงเทพ,10600.0,from Excel file,2022-01-01
57027,Seng Giap Tom,Tan,081-994-5945,,24JUN2520,54/27,,ซ.หลังสวน,ลุมพินี,ปทุมวัน,กรุงเทพ,10330.0,from Excel file,2022-01-01
57028,สุเมธ (อุ้ย),ศรีเมือง,085-496-5656,,29DEC2510,54/27,,ซ.หลังสวน,ลุมพินี,ปทุมวัน,กรุงเทพ,10330.0,from Excel file,2022-01-01
57029,EDMUND,NG,,edmund.yt.ng@gmail.com,29DEC2510,,,,,,,,from Excel file,2022-01-01
57030,พลกฤค,รุจิรชัยนนท์,084-141-7514,phonlakrit.r@hotmail.com,19JUN2534,53/2,,กาญจนาภิเษก,บางบอน,บางบอน,กรุงเทพ,10150.0,from Excel file,2022-01-01
57031,นิวัฒน์ (อ้น),สิงห์ชนะชัยกุล,090-945-9515,,13SEP2522,198/294,,สาทร,ทุ่งวัดดอน,สาทร,กรุงเทพ,10120.0,from Excel file,2022-01-01
57032,พรนภา,เทพทินกร,081-732-3333,sassysuri@msn.com,13SEP2522,444/2,,ร่วมน้ำใจแยก 4,-,วังทองหลาง,กรุงเทพ,10310.0,from Excel file,2022-01-01
57033,ไปรยา(คุณเอื้อย),ลาภโรจน์กิจ,081-898-0893,,13SEP2522,1487,,เพชรเกษม,,หาดใหญ่,สงขลา,90110.0,from Excel file,2022-01-01
57001,นันทิยา,ดวงตา,091-050-0610,oolynoe.nn288@gmail.com,12APR2533,8/65-72,,สุนทรโกษา,คลองเตย,คลองเตย,กรุงเทพ,10110.0,from Excel file,2022-01-01
57002,นงพนา,พยัคฆาธรรม,095-474-6974,-,20APR2533,3,,นราธิวาส 18,ช่องนนทรี,ยานนาวา,กรุงเทพ,10120.0,from Excel file,2022-01-01
57003,รศยุพา (K.ต้อม),มีคะเสน,081-644-7029,rosyupa@set.or.th,20APR2533,51/229,,พหลโยธิน,หลักหก,เมือง,ปทุมธานี,12000.0,from Excel file,2022-01-01
57004,ศิรินันท์ (อ้อ),ศิริพานิช,081-809-9491,sirisiripanich@gmail.com,10JUN2527,86/7,,สุขุมวิท 31,คลองตันเหนือ,วัฒนา,กรุงเทพ,10110.0,from Excel file,2022-01-01
57005,ชญาธร,เดชเลิศกำจร,080-184-2626,,02OCT2506,599/12,,รัชดาภิเษก,จตุจักร,จตุจักร,กรุงเทพ,10900.0,from Excel file,2022-01-01
57006,วรวิทย์,ศิริพากย์,081-822-2525,vsiripark@panpuri.com,02OCT2506,44,17th Smooth life Tower ,สาธรเหนือ,สีลม,บางรัก,กรุงเทพ,10500.0,from Excel file,2022-01-01
57007,Yin Mui (Kelly),Yeung,,,02OCT2506,,,,,,,,from Excel file,2022-01-01
57008,Samson,Yeung,,sansom@sharpca.com.hk,02OCT2506,,,,,,,,from Excel file,2022-01-01
57009,Liliane,Leang,081-890-1292,lilianeleang@gmail.com,14DEC2525,39/401,,สาทรใต้,ยานนาวา,,กรุงเทพ,10120.0,from Excel file,2022-01-01
57010,นลินรัตน์,พูลวรลักษณ์,083-515-5954,,02JUN2506,31/1,,ตากสิน33,คลองสาน,ธนบุรี,กทม.,10600.0,from Excel file,2022-01-01
57011,วิชัย,พูลวรลักษณ์,,,02JUN2506,31/1,,ตากสิน33,คลองสาน,ธนบุรี,กทม.,10600.0,from Excel file,2022-01-01
57012,พรรณวิลาส (เจน),ชัยเชาวรัตน์,082-416-9393,,02JUN2506,9/175,,ศรีนครินร์ 46/1,หนองบอน,ประเวศ,กรุงเทพ,10250.0,from Excel file,2022-01-01
57013,ชนกวนันท์,รักชีพ,095-645-6659,tooktook24@hotmail.com,02JAN2521,66/6,,รามอินทรา66 แยก4,รามอินทรา,คันนายาว,กรุงเทพ,10230.0,from Excel file,2022-01-01
57014,Darika,Jagota,081-964-2661,darikajagota@gmail.com,26SEP2528,110/68,Millenium  Residence,,สุขุมวิท 20,คลองเตย,กรุงเทพ,10110.0,from Excel file,2022-01-01
57015,เจษฎา,โตวิรัตน์,086-350-2525,,21APR2522,56,,พึ่งมี 50 สุขุมวิท 93,บางจาก,พระโขนง,กรุงเทพ,10260.0,from Excel file,2022-01-01
57016,ชญาดา (พี่ก้อย),วิภัติภูมิประเทศ,081-564-3333,goichayada@yahoo.com,09NOV2518,54,,สุวินทวงศ์,มีนบุรี,มีนบุรี,กรุงเทพ,10510.0,from Excel file,2022-01-01
57017,กานต์กนิษฐ์ (พี่กานต์),แห้วสันตติ,092-626-9615,karnkanit.h@gmail.com,31DEC2519,35,,พหลโยธิน19/1,จตุจักร,จตุจักร,กรุงเทพ,10900.0,from Excel file,2022-01-01
57018,ชนาธิป (พี่โอ๋),นิติภานนท์,089-990-0224,oohwwa@hotmail.com,20JUN2518,9/515,,,คันนายาว,คันนายาว,กรุงเทพ,10230.0,from Excel file,2022-01-01
57019,วรวุฒิ (แชมป์),วัชนุชา,084-178-0125,baaboo@outlook.com,23JUL2530,ไม่สะดวกให้ที่อยู่,,,,,กรุงเทพ,,from Excel file,2022-01-01
57020,วุฒิไกร (พี่โอ),ศรีธวัช ณ อยุธยา,089-990-0224,,17JUL2518,9/515,,,คันนายาว,คันนายาว,กรุงเทพ,10230.0,from Excel file,2022-01-01
57021,สุรัตน์ ,อนุเดช,094-465-5915,suratoat@hotmail.com,20JUL2530,31,,ประชาราษฎ์1,บางซื่อ,บางซื่อ,กรุงเทพ,10800.0,from Excel file,2022-01-01
57022,เปิ้ล,ลิ้วห้อง,089-645-1495,apple_za_09@hotmail.com,28OCT2534,1444/20,,ถนนนครไชยศรี,ดุสิต,ดุสิต,กรุงเทพ,10300.0,from Excel file,2022-01-01
57023,จิรกิตต์  (แวม),โคนำชัยพร,086-808-6616,,19NOV2526,224,,ศรีอยุธยา,วชิรพยาบาล,ดุสิต,กรุงเทพ,10300.0,from Excel file,2022-01-01
57024,ED,NG,,,19NOV2526,,,,,,,,from Excel file,2022-01-01
57025,วิยะดา,เกิดมงคล,094-645-6263,,23MAR2528,1444/20,,ถนนนครไชยศรี,ดุสิต,ดุสิต,กรุงเทพ,10300.0,from Excel file,2022-01-01
57026,ธาดา (เปรี้ยว),เสนาะ,087-555-9150,,23MAR2528,89/8,,กรุงธน,,คลองสาน,กรุงเทพ,10600.0,from Excel file,2022-01-01
57027,Seng Giap Tom,Tan,081-994-5945,,24JUN2520,54/27,,ซ.หลังสวน,ลุมพินี,ปทุมวัน,กรุงเทพ,10330.0,from Excel file,2022-01-01
57028,สุเมธ (อุ้ย),ศรีเมือง,085-496-5656,,29DEC2510,54/27,,ซ.หลังสวน,ลุมพินี,ปทุมวัน,กรุงเทพ,10330.0,from Excel file,2022-01-01
57029,EDMUND,NG,,edmund.yt.ng@gmail.com,29DEC2510,,,,,,,,from Excel file,2022-01-01
57030,พลกฤค,รุจิรชัยนนท์,084-141-7514,phonlakrit.r@hotmail.com,19JUN2534,53/2,,กาญจนาภิเษก,บางบอน,บางบอน,กรุงเทพ,10150.0,from Excel file,2022-01-01
57031,นิวัฒน์ (อ้น),สิงห์ชนะชัยกุล,090-945-9515,,13SEP2522,198/294,,สาทร,ทุ่งวัดดอน,สาทร,กรุงเทพ,10120.0,from Excel file,2022-01-01
57032,พรนภา,เทพทินกร,081-732-3333,sassysuri@msn.com,13SEP2522,444/2,,ร่วมน้ำใจแยก 4,-,วังทองหลาง,กรุงเทพ,10310.0,from Excel file,2022-01-01
57033,ไปรยา(คุณเอื้อย),ลาภโรจน์กิจ,081-898-0893,,13SEP2522,1487,,เพชรเกษม,,หาดใหญ่,สงขลา,90110.0,from Excel file,2022-01-01
57001,นันทิยา,ดวงตา,091-050-0610,oolynoe.nn288@gmail.com,12APR2533,8/65-72,,สุนทรโกษา,คลองเตย,คลองเตย,กรุงเทพ,10110.0,from Excel file,2022-01-01
57002,นงพนา,พยัคฆาธรรม,095-474-6974,-,20APR2533,3,,นราธิวาส 18,ช่องนนทรี,ยานนาวา,กรุงเทพ,10120.0,from Excel file,2022-01-01
57003,รศยุพา (K.ต้อม),มีคะเสน,081-644-7029,rosyupa@set.or.th,20APR2533,51/229,,พหลโยธิน,หลักหก,เมือง,ปทุมธานี,12000.0,from Excel file,2022-01-01
57004,ศิรินันท์ (อ้อ),ศิริพานิช,081-809-9491,sirisiripanich@gmail.com,10JUN2527,86/7,,สุขุมวิท 31,คลองตันเหนือ,วัฒนา,กรุงเทพ,10110.0,from Excel file,2022-01-01
57005,ชญาธร,เดชเลิศกำจร,080-184-2626,,02OCT2506,599/12,,รัชดาภิเษก,จตุจักร,จตุจักร,กรุงเทพ,10900.0,from Excel file,2022-01-01
57006,วรวิทย์,ศิริพากย์,081-822-2525,vsiripark@panpuri.com,02OCT2506,44,17th Smooth life Tower ,สาธรเหนือ,สีลม,บางรัก,กรุงเทพ,10500.0,from Excel file,2022-01-01
57007,Yin Mui (Kelly),Yeung,,,02OCT2506,,,,,,,,from Excel file,2022-01-01
57008,Samson,Yeung,,sansom@sharpca.com.hk,02OCT2506,,,,,,,,from Excel file,2022-01-01
57009,Liliane,Leang,081-890-1292,lilianeleang@gmail.com,14DEC2525,39/401,,สาทรใต้,ยานนาวา,,กรุงเทพ,10120.0,from Excel file,2022-01-01
57010,นลินรัตน์,พูลวรลักษณ์,083-515-5954,,02JUN2506,31/1,,ตากสิน33,คลองสาน,ธนบุรี,กทม.,10600.0,from Excel file,2022-01-01
57011,วิชัย,พูลวรลักษณ์,,,02JUN2506,31/1,,ตากสิน33,คลองสาน,ธนบุรี,กทม.,10600.0,from Excel file,2022-01-01
57012,พรรณวิลาส (เจน),ชัยเชาวรัตน์,082-416-9393,,02JUN2506,9/175,,ศรีนครินร์ 46/1,หนองบอน,ประเวศ,กรุงเทพ,10250.0,from Excel file,2022-01-01
57013,ชนกวนันท์,รักชีพ,095-645-6659,tooktook24@hotmail.com,02JAN2521,66/6,,รามอินทรา66 แยก4,รามอินทรา,คันนายาว,กรุงเทพ,10230.0,from Excel file,2022-01-01
57014,Darika,Jagota,081-964-2661,darikajagota@gmail.com,26SEP2528,110/68,Millenium  Residence,,สุขุมวิท 20,คลองเตย,กรุงเทพ,10110.0,from Excel file,2022-01-01
57015,เจษฎา,โตวิรัตน์,086-350-2525,,21APR2522,56,,พึ่งมี 50 สุขุมวิท 93,บางจาก,พระโขนง,กรุงเทพ,10260.0,from Excel file,2022-01-01
57016,ชญาดา (พี่ก้อย),วิภัติภูมิประเทศ,081-564-3333,goichayada@yahoo.com,09NOV2518,54,,สุวินทวงศ์,มีนบุรี,มีนบุรี,กรุงเทพ,10510.0,from Excel file,2022-01-01
57017,กานต์กนิษฐ์ (พี่กานต์),แห้วสันตติ,092-626-9615,karnkanit.h@gmail.com,31DEC2519,35,,พหลโยธิน19/1,จตุจักร,จตุจักร,กรุงเทพ,10900.0,from Excel file,2022-01-01
57018,ชนาธิป (พี่โอ๋),นิติภานนท์,089-990-0224,oohwwa@hotmail.com,20JUN2518,9/515,,,คันนายาว,คันนายาว,กรุงเทพ,10230.0,from Excel file,2022-01-01
57019,วรวุฒิ (แชมป์),วัชนุชา,084-178-0125,baaboo@outlook.com,23JUL2530,ไม่สะดวกให้ที่อยู่,,,,,กรุงเทพ,,from Excel file,2022-01-01
57020,วุฒิไกร (พี่โอ),ศรีธวัช ณ อยุธยา,089-990-0224,,17JUL2518,9/515,,,คันนายาว,คันนายาว,กรุงเทพ,10230.0,from Excel file,2022-01-01
57021,สุรัตน์ ,อนุเดช,094-465-5915,suratoat@hotmail.com,20JUL2530,31,,ประชาราษฎ์1,บางซื่อ,บางซื่อ,กรุงเทพ,10800.0,from Excel file,2022-01-01
57022,เปิ้ล,ลิ้วห้อง,089-645-1495,apple_za_09@hotmail.com,28OCT2534,1444/20,,ถนนนครไชยศรี,ดุสิต,ดุสิต,กรุงเทพ,10300.0,from Excel file,2022-01-01
57023,จิรกิตต์  (แวม),โคนำชัยพร,086-808-6616,,19NOV2526,224,,ศรีอยุธยา,วชิรพยาบาล,ดุสิต,กรุงเทพ,10300.0,from Excel file,2022-01-01
57024,ED,NG,,,19NOV2526,,,,,,,,from Excel file,2022-01-01
57025,วิยะดา,เกิดมงคล,094-645-6263,,23MAR2528,1444/20,,ถนนนครไชยศรี,ดุสิต,ดุสิต,กรุงเทพ,10300.0,from Excel file,2022-01-01
57026,ธาดา (เปรี้ยว),เสนาะ,087-555-9150,,23MAR2528,89/8,,กรุงธน,,คลองสาน,กรุงเทพ,10600.0,from Excel file,2022-01-01
57027,Seng Giap Tom,Tan,081-994-5945,,24JUN2520,54/27,,ซ.หลังสวน,ลุมพินี,ปทุมวัน,กรุงเทพ,10330.0,from Excel file,2022-01-01
57028,สุเมธ (อุ้ย),ศรีเมือง,085-496-5656,,29DEC2510,54/27,,ซ.หลังสวน,ลุมพินี,ปทุมวัน,กรุงเทพ,10330.0,from Excel file,2022-01-01
57029,EDMUND,NG,,edmund.yt.ng@gmail.com,29DEC2510,,,,,,,,from Excel file,2022-01-01
57030,พลกฤค,รุจิรชัยนนท์,084-141-7514,phonlakrit.r@hotmail.com,19JUN2534,53/2,,กาญจนาภิเษก,บางบอน,บางบอน,กรุงเทพ,10150.0,from Excel file,2022-01-01
57031,นิวัฒน์ (อ้น),สิงห์ชนะชัยกุล,090-945-9515,,13SEP2522,198/294,,สาทร,ทุ่งวัดดอน,สาทร,กรุงเทพ,10120.0,from Excel file,2022-01-01
57032,พรนภา,เทพทินกร,081-732-3333,sassysuri@msn.com,13SEP2522,444/2,,ร่วมน้ำใจแยก 4,-,วังทองหลาง,กรุงเทพ,10310.0,from Excel file,2022-01-01
57033,ไปรยา(คุณเอื้อย),ลาภโรจน์กิจ,081-898-0893,,13SEP2522,1487,,เพชรเกษม,,หาดใหญ่,สงขลา,90110.0,from Excel file,2022-01-01
57001,นันทิยา,ดวงตา,091-050-0610,oolynoe.nn288@gmail.com,12APR2533,8/65-72,,สุนทรโกษา,คลองเตย,คลองเตย,กรุงเทพ,10110.0,from Excel file,2022-01-01
57002,นงพนา,พยัคฆาธรรม,095-474-6974,-,20APR2533,3,,นราธิวาส 18,ช่องนนทรี,ยานนาวา,กรุงเทพ,10120.0,from Excel file,2022-01-01
57003,รศยุพา (K.ต้อม),มีคะเสน,081-644-7029,rosyupa@set.or.th,20APR2533,51/229,,พหลโยธิน,หลักหก,เมือง,ปทุมธานี,12000.0,from Excel file,2022-01-01
57004,ศิรินันท์ (อ้อ),ศิริพานิช,081-809-9491,sirisiripanich@gmail.com,10JUN2527,86/7,,สุขุมวิท 31,คลองตันเหนือ,วัฒนา,กรุงเทพ,10110.0,from Excel file,2022-01-01
57005,ชญาธร,เดชเลิศกำจร,080-184-2626,,02OCT2506,599/12,,รัชดาภิเษก,จตุจักร,จตุจักร,กรุงเทพ,10900.0,from Excel file,2022-01-01
57006,วรวิทย์,ศิริพากย์,081-822-2525,vsiripark@panpuri.com,02OCT2506,44,17th Smooth life Tower ,สาธรเหนือ,สีลม,บางรัก,กรุงเทพ,10500.0,from Excel file,2022-01-01
57007,Yin Mui (Kelly),Yeung,,,02OCT2506,,,,,,,,from Excel file,2022-01-01
57008,Samson,Yeung,,sansom@sharpca.com.hk,02OCT2506,,,,,,,,from Excel file,2022-01-01
57009,Liliane,Leang,081-890-1292,lilianeleang@gmail.com,14DEC2525,39/401,,สาทรใต้,ยานนาวา,,กรุงเทพ,10120.0,from Excel file,2022-01-01
57010,นลินรัตน์,พูลวรลักษณ์,083-515-5954,,02JUN2506,31/1,,ตากสิน33,คลองสาน,ธนบุรี,กทม.,10600.0,from Excel file,2022-01-01
57011,วิชัย,พูลวรลักษณ์,,,02JUN2506,31/1,,ตากสิน33,คลองสาน,ธนบุรี,กทม.,10600.0,from Excel file,2022-01-01
57012,พรรณวิลาส (เจน),ชัยเชาวรัตน์,082-416-9393,,02JUN2506,9/175,,ศรีนครินร์ 46/1,หนองบอน,ประเวศ,กรุงเทพ,10250.0,from Excel file,2022-01-01
57013,ชนกวนันท์,รักชีพ,095-645-6659,tooktook24@hotmail.com,02JAN2521,66/6,,รามอินทรา66 แยก4,รามอินทรา,คันนายาว,กรุงเทพ,10230.0,from Excel file,2022-01-01
57014,Darika,Jagota,081-964-2661,darikajagota@gmail.com,26SEP2528,110/68,Millenium  Residence,,สุขุมวิท 20,คลองเตย,กรุงเทพ,10110.0,from Excel file,2022-01-01
57015,เจษฎา,โตวิรัตน์,086-350-2525,,21APR2522,56,,พึ่งมี 50 สุขุมวิท 93,บางจาก,พระโขนง,กรุงเทพ,10260.0,from Excel file,2022-01-01
57016,ชญาดา (พี่ก้อย),วิภัติภูมิประเทศ,081-564-3333,goichayada@yahoo.com,09NOV2518,54,,สุวินทวงศ์,มีนบุรี,มีนบุรี,กรุงเทพ,10510.0,from Excel file,2022-01-01
57017,กานต์กนิษฐ์ (พี่กานต์),แห้วสันตติ,092-626-9615,karnkanit.h@gmail.com,31DEC2519,35,,พหลโยธิน19/1,จตุจักร,จตุจักร,กรุงเทพ,10900.0,from Excel file,2022-01-01
57018,ชนาธิป (พี่โอ๋),นิติภานนท์,089-990-0224,oohwwa@hotmail.com,20JUN2518,9/515,,,คันนายาว,คันนายาว,กรุงเทพ,10230.0,from Excel file,2022-01-01
57019,วรวุฒิ (แชมป์),วัชนุชา,084-178-0125,baaboo@outlook.com,23JUL2530,ไม่สะดวกให้ที่อยู่,,,,,กรุงเทพ,,from Excel file,2022-01-01
57020,วุฒิไกร (พี่โอ),ศรีธวัช ณ อยุธยา,089-990-0224,,17JUL2518,9/515,,,คันนายาว,คันนายาว,กรุงเทพ,10230.0,from Excel file,2022-01-01
57021,สุรัตน์ ,อนุเดช,094-465-5915,suratoat@hotmail.com,20JUL2530,31,,ประชาราษฎ์1,บางซื่อ,บางซื่อ,กรุงเทพ,10800.0,from Excel file,2022-01-01
57022,เปิ้ล,ลิ้วห้อง,089-645-1495,apple_za_09@hotmail.com,28OCT2534,1444/20,,ถนนนครไชยศรี,ดุสิต,ดุสิต,กรุงเทพ,10300.0,from Excel file,2022-01-01
57023,จิรกิตต์  (แวม),โคนำชัยพร,086-808-6616,,19NOV2526,224,,ศรีอยุธยา,วชิรพยาบาล,ดุสิต,กรุงเทพ,10300.0,from Excel file,2022-01-01
57024,ED,NG,,,19NOV2526,,,,,,,,from Excel file,2022-01-01
57025,วิยะดา,เกิดมงคล,094-645-6263,,23MAR2528,1444/20,,ถนนนครไชยศรี,ดุสิต,ดุสิต,กรุงเทพ,10300.0,from Excel file,2022-01-01
57026,ธาดา (เปรี้ยว),เสนาะ,087-555-9150,,23MAR2528,89/8,,กรุงธน,,คลองสาน,กรุงเทพ,10600.0,from Excel file,2022-01-01
57027,Seng Giap Tom,Tan,081-994-5945,,24JUN2520,54/27,,ซ.หลังสวน,ลุมพินี,ปทุมวัน,กรุงเทพ,10330.0,from Excel file,2022-01-01
57028,สุเมธ (อุ้ย),ศรีเมือง,085-496-5656,,29DEC2510,54/27,,ซ.หลังสวน,ลุมพินี,ปทุมวัน,กรุงเทพ,10330.0,from Excel file,2022-01-01
57029,EDMUND,NG,,edmund.yt.ng@gmail.com,29DEC2510,,,,,,,,from Excel file,2022-01-01
57030,พลกฤค,รุจิรชัยนนท์,084-141-7514,phonlakrit.r@hotmail.com,19JUN2534,53/2,,กาญจนาภิเษก,บางบอน,บางบอน,กรุงเทพ,10150.0,from Excel file,2022-01-01
57031,นิวัฒน์ (อ้น),สิงห์ชนะชัยกุล,090-945-9515,,13SEP2522,198/294,,สาทร,ทุ่งวัดดอน,สาทร,กรุงเทพ,10120.0,from Excel file,2022-01-01
57032,พรนภา,เทพทินกร,081-732-3333,sassysuri@msn.com,13SEP2522,444/2,,ร่วมน้ำใจแยก 4,-,วังทองหลาง,กรุงเทพ,10310.0,from Excel file,2022-01-01
57033,ไปรยา(คุณเอื้อย),ลาภโรจน์กิจ,081-898-0893,,13SEP2522,1487,,เพชรเกษม,,หาดใหญ่,สงขลา,90110.0,from Excel file,2022-01-01
57001,นันทิยา,ดวงตา,091-050-0610,oolynoe.nn288@gmail.com,12APR2533,8/65-72,,สุนทรโกษา,คลองเตย,คลองเตย,กรุงเทพ,10110.0,from Excel file,2022-01-01
57002,นงพนา,พยัคฆาธรรม,095-474-6974,-,20APR2533,3,,นราธิวาส 18,ช่องนนทรี,ยานนาวา,กรุงเทพ,10120.0,from Excel file,2022-01-01
57003,รศยุพา (K.ต้อม),มีคะเสน,081-644-7029,rosyupa@set.or.th,20APR2533,51/229,,พหลโยธิน,หลักหก,เมือง,ปทุมธานี,12000.0,from Excel file,2022-01-01
57004,ศิรินันท์ (อ้อ),ศิริพานิช,081-809-9491,sirisiripanich@gmail.com,10JUN2527,86/7,,สุขุมวิท 31,คลองตันเหนือ,วัฒนา,กรุงเทพ,10110.0,from Excel file,2022-01-01
57005,ชญาธร,เดชเลิศกำจร,080-184-2626,,02OCT2506,599/12,,รัชดาภิเษก,จตุจักร,จตุจักร,กรุงเทพ,10900.0,from Excel file,2022-01-01
57006,วรวิทย์,ศิริพากย์,081-822-2525,vsiripark@panpuri.com,02OCT2506,44,17th Smooth life Tower ,สาธรเหนือ,สีลม,บางรัก,กรุงเทพ,10500.0,from Excel file,2022-01-01
57007,Yin Mui (Kelly),Yeung,,,02OCT2506,,,,,,,,from Excel file,2022-01-01
57008,Samson,Yeung,,sansom@sharpca.com.hk,02OCT2506,,,,,,,,from Excel file,2022-01-01
57009,Liliane,Leang,081-890-1292,lilianeleang@gmail.com,14DEC2525,39/401,,สาทรใต้,ยานนาวา,,กรุงเทพ,10120.0,from Excel file,2022-01-01
57010,นลินรัตน์,พูลวรลักษณ์,083-515-5954,,02JUN2506,31/1,,ตากสิน33,คลองสาน,ธนบุรี,กทม.,10600.0,from Excel file,2022-01-01
57011,วิชัย,พูลวรลักษณ์,,,02JUN2506,31/1,,ตากสิน33,คลองสาน,ธนบุรี,กทม.,10600.0,from Excel file,2022-01-01
57012,พรรณวิลาส (เจน),ชัยเชาวรัตน์,082-416-9393,,02JUN2506,9/175,,ศรีนครินร์ 46/1,หนองบอน,ประเวศ,กรุงเทพ,10250.0,from Excel file,2022-01-01
57013,ชนกวนันท์,รักชีพ,095-645-6659,tooktook24@hotmail.com,02JAN2521,66/6,,รามอินทรา66 แยก4,รามอินทรา,คันนายาว,กรุงเทพ,10230.0,from Excel file,2022-01-01
57014,Darika,Jagota,081-964-2661,darikajagota@gmail.com,26SEP2528,110/68,Millenium  Residence,,สุขุมวิท 20,คลองเตย,กรุงเทพ,10110.0,from Excel file,2022-01-01
57015,เจษฎา,โตวิรัตน์,086-350-2525,,21APR2522,56,,พึ่งมี 50 สุขุมวิท 93,บางจาก,พระโขนง,กรุงเทพ,10260.0,from Excel file,2022-01-01
57016,ชญาดา (พี่ก้อย),วิภัติภูมิประเทศ,081-564-3333,goichayada@yahoo.com,09NOV2518,54,,สุวินทวงศ์,มีนบุรี,มีนบุรี,กรุงเทพ,10510.0,from Excel file,2022-01-01
57017,กานต์กนิษฐ์ (พี่กานต์),แห้วสันตติ,092-626-9615,karnkanit.h@gmail.com,31DEC2519,35,,พหลโยธิน19/1,จตุจักร,จตุจักร,กรุงเทพ,10900.0,from Excel file,2022-01-01
57018,ชนาธิป (พี่โอ๋),นิติภานนท์,089-990-0224,oohwwa@hotmail.com,20JUN2518,9/515,,,คันนายาว,คันนายาว,กรุงเทพ,10230.0,from Excel file,2022-01-01
57019,วรวุฒิ (แชมป์),วัชนุชา,084-178-0125,baaboo@outlook.com,23JUL2530,ไม่สะดวกให้ที่อยู่,,,,,กรุงเทพ,,from Excel file,2022-01-01
57020,วุฒิไกร (พี่โอ),ศรีธวัช ณ อยุธยา,089-990-0224,,17JUL2518,9/515,,,คันนายาว,คันนายาว,กรุงเทพ,10230.0,from Excel file,2022-01-01
57021,สุรัตน์ ,อนุเดช,094-465-5915,suratoat@hotmail.com,20JUL2530,31,,ประชาราษฎ์1,บางซื่อ,บางซื่อ,กรุงเทพ,10800.0,from Excel file,2022-01-01
57022,เปิ้ล,ลิ้วห้อง,089-645-1495,apple_za_09@hotmail.com,28OCT2534,1444/20,,ถนนนครไชยศรี,ดุสิต,ดุสิต,กรุงเทพ,10300.0,from Excel file,2022-01-01
57023,จิรกิตต์  (แวม),โคนำชัยพร,086-808-6616,,19NOV2526,224,,ศรีอยุธยา,วชิรพยาบาล,ดุสิต,กรุงเทพ,10300.0,from Excel file,2022-01-01
57024,ED,NG,,,19NOV2526,,,,,,,,from Excel file,2022-01-01
57025,วิยะดา,เกิดมงคล,094-645-6263,,23MAR2528,1444/20,,ถนนนครไชยศรี,ดุสิต,ดุสิต,กรุงเทพ,10300.0,from Excel file,2022-01-01
57026,ธาดา (เปรี้ยว),เสนาะ,087-555-9150,,23MAR2528,89/8,,กรุงธน,,คลองสาน,กรุงเทพ,10600.0,from Excel file,2022-01-01
57027,Seng Giap Tom,Tan,081-994-5945,,24JUN2520,54/27,,ซ.หลังสวน,ลุมพินี,ปทุมวัน,กรุงเทพ,10330.0,from Excel file,2022-01-01
57028,สุเมธ (อุ้ย),ศรีเมือง,085-496-5656,,29DEC2510,54/27,,ซ.หลังสวน,ลุมพินี,ปทุมวัน,กรุงเทพ,10330.0,from Excel file,2022-01-01
57029,EDMUND,NG,,edmund.yt.ng@gmail.com,29DEC2510,,,,,,,,from Excel file,2022-01-01
57030,พลกฤค,รุจิรชัยนนท์,084-141-7514,phonlakrit.r@hotmail.com,19JUN2534,53/2,,กาญจนาภิเษก,บางบอน,บางบอน,กรุงเทพ,10150.0,from Excel file,2022-01-01
57031,นิวัฒน์ (อ้น),สิงห์ชนะชัยกุล,090-945-9515,,13SEP2522,198/294,,สาทร,ทุ่งวัดดอน,สาทร,กรุงเทพ,10120.0,from Excel file,2022-01-01
57032,พรนภา,เทพทินกร,081-732-3333,sassysuri@msn.com,13SEP2522,444/2,,ร่วมน้ำใจแยก 4,-,วังทองหลาง,กรุงเทพ,10310.0,from Excel file,2022-01-01
57033,ไปรยา(คุณเอื้อย),ลาภโรจน์กิจ,081-898-0893,,13SEP2522,1487,,เพชรเกษม,,หาดใหญ่,สงขลา,90110.0,from Excel file,2022-01-01
57001,นันทิยา,ดวงตา,091-050-0610,oolynoe.nn288@gmail.com,12APR2533,8/65-72,,สุนทรโกษา,คลองเตย,คลองเตย,กรุงเทพ,10110.0,from Excel file,2022-01-01
57002,นงพนา,พยัคฆาธรรม,095-474-6974,-,20APR2533,3,,นราธิวาส 18,ช่องนนทรี,ยานนาวา,กรุงเทพ,10120.0,from Excel file,2022-01-01
57003,รศยุพา (K.ต้อม),มีคะเสน,081-644-7029,rosyupa@set.or.th,20APR2533,51/229,,พหลโยธิน,หลักหก,เมือง,ปทุมธานี,12000.0,from Excel file,2022-01-01
57004,ศิรินันท์ (อ้อ),ศิริพานิช,081-809-9491,sirisiripanich@gmail.com,10JUN2527,86/7,,สุขุมวิท 31,คลองตันเหนือ,วัฒนา,กรุงเทพ,10110.0,from Excel file,2022-01-01
57005,ชญาธร,เดชเลิศกำจร,080-184-2626,,02OCT2506,599/12,,รัชดาภิเษก,จตุจักร,จตุจักร,กรุงเทพ,10900.0,from Excel file,2022-01-01
57006,วรวิทย์,ศิริพากย์,081-822-2525,vsiripark@panpuri.com,02OCT2506,44,17th Smooth life Tower ,สาธรเหนือ,สีลม,บางรัก,กรุงเทพ,10500.0,from Excel file,2022-01-01
57007,Yin Mui (Kelly),Yeung,,,02OCT2506,,,,,,,,from Excel file,2022-01-01
57008,Samson,Yeung,,sansom@sharpca.com.hk,02OCT2506,,,,,,,,from Excel file,2022-01-01
57009,Liliane,Leang,081-890-1292,lilianeleang@gmail.com,14DEC2525,39/401,,สาทรใต้,ยานนาวา,,กรุงเทพ,10120.0,from Excel file,2022-01-01
57010,นลินรัตน์,พูลวรลักษณ์,083-515-5954,,02JUN2506,31/1,,ตากสิน33,คลองสาน,ธนบุรี,กทม.,10600.0,from Excel file,2022-01-01
57011,วิชัย,พูลวรลักษณ์,,,02JUN2506,31/1,,ตากสิน33,คลองสาน,ธนบุรี,กทม.,10600.0,from Excel file,2022-01-01
57012,พรรณวิลาส (เจน),ชัยเชาวรัตน์,082-416-9393,,02JUN2506,9/175,,ศรีนครินร์ 46/1,หนองบอน,ประเวศ,กรุงเทพ,10250.0,from Excel file,2022-01-01
57013,ชนกวนันท์,รักชีพ,095-645-6659,tooktook24@hotmail.com,02JAN2521,66/6,,รามอินทรา66 แยก4,รามอินทรา,คันนายาว,กรุงเทพ,10230.0,from Excel file,2022-01-01
57014,Darika,Jagota,081-964-2661,darikajagota@gmail.com,26SEP2528,110/68,Millenium  Residence,,สุขุมวิท 20,คลองเตย,กรุงเทพ,10110.0,from Excel file,2022-01-01
57015,เจษฎา,โตวิรัตน์,086-350-2525,,21APR2522,56,,พึ่งมี 50 สุขุมวิท 93,บางจาก,พระโขนง,กรุงเทพ,10260.0,from Excel file,2022-01-01
57016,ชญาดา (พี่ก้อย),วิภัติภูมิประเทศ,081-564-3333,goichayada@yahoo.com,09NOV2518,54,,สุวินทวงศ์,มีนบุรี,มีนบุรี,กรุงเทพ,10510.0,from Excel file,2022-01-01
57017,กานต์กนิษฐ์ (พี่กานต์),แห้วสันตติ,092-626-9615,karnkanit.h@gmail.com,31DEC2519,35,,พหลโยธิน19/1,จตุจักร,จตุจักร,กรุงเทพ,10900.0,from Excel file,2022-01-01
57018,ชนาธิป (พี่โอ๋),นิติภานนท์,089-990-0224,oohwwa@hotmail.com,20JUN2518,9/515,,,คันนายาว,คันนายาว,กรุงเทพ,10230.0,from Excel file,2022-01-01
57019,วรวุฒิ (แชมป์),วัชนุชา,084-178-0125,baaboo@outlook.com,23JUL2530,ไม่สะดวกให้ที่อยู่,,,,,กรุงเทพ,,from Excel file,2022-01-01
57020,วุฒิไกร (พี่โอ),ศรีธวัช ณ อยุธยา,089-990-0224,,17JUL2518,9/515,,,คันนายาว,คันนายาว,กรุงเทพ,10230.0,from Excel file,2022-01-01
57021,สุรัตน์ ,อนุเดช,094-465-5915,suratoat@hotmail.com,20JUL2530,31,,ประชาราษฎ์1,บางซื่อ,บางซื่อ,กรุงเทพ,10800.0,from Excel file,2022-01-01
57022,เปิ้ล,ลิ้วห้อง,089-645-1495,apple_za_09@hotmail.com,28OCT2534,1444/20,,ถนนนครไชยศรี,ดุสิต,ดุสิต,กรุงเทพ,10300.0,from Excel file,2022-01-01
57023,จิรกิตต์  (แวม),โคนำชัยพร,086-808-6616,,19NOV2526,224,,ศรีอยุธยา,วชิรพยาบาล,ดุสิต,กรุงเทพ,10300.0,from Excel file,2022-01-01
57024,ED,NG,,,19NOV2526,,,,,,,,from Excel file,2022-01-01
57025,วิยะดา,เกิดมงคล,094-645-6263,,23MAR2528,1444/20,,ถนนนครไชยศรี,ดุสิต,ดุสิต,กรุงเทพ,10300.0,from Excel file,2022-01-01
57026,ธาดา (เปรี้ยว),เสนาะ,087-555-9150,,23MAR2528,89/8,,กรุงธน,,คลองสาน,กรุงเทพ,10600.0,from Excel file,2022-01-01
57027,Seng Giap Tom,Tan,081-994-5945,,24JUN2520,54/27,,ซ.หลังสวน,ลุมพินี,ปทุมวัน,กรุงเทพ,10330.0,from Excel file,2022-01-01
57028,สุเมธ (อุ้ย),ศรีเมือง,085-496-5656,,29DEC2510,54/27,,ซ.หลังสวน,ลุมพินี,ปทุมวัน,กรุงเทพ,10330.0,from Excel file,2022-01-01
57029,EDMUND,NG,,edmund.yt.ng@gmail.com,29DEC2510,,,,,,,,from Excel file,2022-01-01
57030,พลกฤค,รุจิรชัยนนท์,084-141-7514,phonlakrit.r@hotmail.com,19JUN2534,53/2,,กาญจนาภิเษก,บางบอน,บางบอน,กรุงเทพ,10150.0,from Excel file,2022-01-01
57031,นิวัฒน์ (อ้น),สิงห์ชนะชัยกุล,090-945-9515,,13SEP2522,198/294,,สาทร,ทุ่งวัดดอน,สาทร,กรุงเทพ,10120.0,from Excel file,2022-01-01
57032,พรนภา,เทพทินกร,081-732-3333,sassysuri@msn.com,13SEP2522,444/2,,ร่วมน้ำใจแยก 4,-,วังทองหลาง,กรุงเทพ,10310.0,from Excel file,2022-01-01
57033,ไปรยา(คุณเอื้อย),ลาภโรจน์กิจ,081-898-0893,,13SEP2522,1487,,เพชรเกษม,,หาดใหญ่,สงขลา,90110.0,from Excel file,2022-01-01
57001,นันทิยา,ดวงตา,091-050-0610,oolynoe.nn288@gmail.com,12APR2533,8/65-72,,สุนทรโกษา,คลองเตย,คลองเตย,กรุงเทพ,10110.0,from Excel file,2022-01-01
57002,นงพนา,พยัคฆาธรรม,095-474-6974,-,20APR2533,3,,นราธิวาส 18,ช่องนนทรี,ยานนาวา,กรุงเทพ,10120.0,from Excel file,2022-01-01
57003,รศยุพา (K.ต้อม),มีคะเสน,081-644-7029,rosyupa@set.or.th,20APR2533,51/229,,พหลโยธิน,หลักหก,เมือง,ปทุมธานี,12000.0,from Excel file,2022-01-01
57004,ศิรินันท์ (อ้อ),ศิริพานิช,081-809-9491,sirisiripanich@gmail.com,10JUN2527,86/7,,สุขุมวิท 31,คลองตันเหนือ,วัฒนา,กรุงเทพ,10110.0,from Excel file,2022-01-01
57005,ชญาธร,เดชเลิศกำจร,080-184-2626,,02OCT2506,599/12,,รัชดาภิเษก,จตุจักร,จตุจักร,กรุงเทพ,10900.0,from Excel file,2022-01-01
57006,วรวิทย์,ศิริพากย์,081-822-2525,vsiripark@panpuri.com,02OCT2506,44,17th Smooth life Tower ,สาธรเหนือ,สีลม,บางรัก,กรุงเทพ,10500.0,from Excel file,2022-01-01
57007,Yin Mui (Kelly),Yeung,,,02OCT2506,,,,,,,,from Excel file,2022-01-01
57008,Samson,Yeung,,sansom@sharpca.com.hk,02OCT2506,,,,,,,,from Excel file,2022-01-01
57009,Liliane,Leang,081-890-1292,lilianeleang@gmail.com,14DEC2525,39/401,,สาทรใต้,ยานนาวา,,กรุงเทพ,10120.0,from Excel file,2022-01-01
57010,นลินรัตน์,พูลวรลักษณ์,083-515-5954,,02JUN2506,31/1,,ตากสิน33,คลองสาน,ธนบุรี,กทม.,10600.0,from Excel file,2022-01-01
57011,วิชัย,พูลวรลักษณ์,,,02JUN2506,31/1,,ตากสิน33,คลองสาน,ธนบุรี,กทม.,10600.0,from Excel file,2022-01-01
57012,พรรณวิลาส (เจน),ชัยเชาวรัตน์,082-416-9393,,02JUN2506,9/175,,ศรีนครินร์ 46/1,หนองบอน,ประเวศ,กรุงเทพ,10250.0,from Excel file,2022-01-01
57013,ชนกวนันท์,รักชีพ,095-645-6659,tooktook24@hotmail.com,02JAN2521,66/6,,รามอินทรา66 แยก4,รามอินทรา,คันนายาว,กรุงเทพ,10230.0,from Excel file,2022-01-01
57014,Darika,Jagota,081-964-2661,darikajagota@gmail.com,26SEP2528,110/68,Millenium  Residence,,สุขุมวิท 20,คลองเตย,กรุงเทพ,10110.0,from Excel file,2022-01-01
57015,เจษฎา,โตวิรัตน์,086-350-2525,,21APR2522,56,,พึ่งมี 50 สุขุมวิท 93,บางจาก,พระโขนง,กรุงเทพ,10260.0,from Excel file,2022-01-01
57016,ชญาดา (พี่ก้อย),วิภัติภูมิประเทศ,081-564-3333,goichayada@yahoo.com,09NOV2518,54,,สุวินทวงศ์,มีนบุรี,มีนบุรี,กรุงเทพ,10510.0,from Excel file,2022-01-01
57017,กานต์กนิษฐ์ (พี่กานต์),แห้วสันตติ,092-626-9615,karnkanit.h@gmail.com,31DEC2519,35,,พหลโยธิน19/1,จตุจักร,จตุจักร,กรุงเทพ,10900.0,from Excel file,2022-01-01
57018,ชนาธิป (พี่โอ๋),นิติภานนท์,089-990-0224,oohwwa@hotmail.com,20JUN2518,9/515,,,คันนายาว,คันนายาว,กรุงเทพ,10230.0,from Excel file,2022-01-01
57019,วรวุฒิ (แชมป์),วัชนุชา,084-178-0125,baaboo@outlook.com,23JUL2530,ไม่สะดวกให้ที่อยู่,,,,,กรุงเทพ,,from Excel file,2022-01-01
57020,วุฒิไกร (พี่โอ),ศรีธวัช ณ อยุธยา,089-990-0224,,17JUL2518,9/515,,,คันนายาว,คันนายาว,กรุงเทพ,10230.0,from Excel file,2022-01-01
57021,สุรัตน์ ,อนุเดช,094-465-5915,suratoat@hotmail.com,20JUL2530,31,,ประชาราษฎ์1,บางซื่อ,บางซื่อ,กรุงเทพ,10800.0,from Excel file,2022-01-01
57022,เปิ้ล,ลิ้วห้อง,089-645-1495,apple_za_09@hotmail.com,28OCT2534,1444/20,,ถนนนครไชยศรี,ดุสิต,ดุสิต,กรุงเทพ,10300.0,from Excel file,2022-01-01
57023,จิรกิตต์  (แวม),โคนำชัยพร,086-808-6616,,19NOV2526,224,,ศรีอยุธยา,วชิรพยาบาล,ดุสิต,กรุงเทพ,10300.0,from Excel file,2022-01-01
57024,ED,NG,,,19NOV2526,,,,,,,,from Excel file,2022-01-01
57025,วิยะดา,เกิดมงคล,094-645-6263,,23MAR2528,1444/20,,ถนนนครไชยศรี,ดุสิต,ดุสิต,กรุงเทพ,10300.0,from Excel file,2022-01-01
57026,ธาดา (เปรี้ยว),เสนาะ,087-555-9150,,23MAR2528,89/8,,กรุงธน,,คลองสาน,กรุงเทพ,10600.0,from Excel file,2022-01-01
57027,Seng Giap Tom,Tan,081-994-5945,,24JUN2520,54/27,,ซ.หลังสวน,ลุมพินี,ปทุมวัน,กรุงเทพ,10330.0,from Excel file,2022-01-01
57028,สุเมธ (อุ้ย),ศรีเมือง,085-496-5656,,29DEC2510,54/27,,ซ.หลังสวน,ลุมพินี,ปทุมวัน,กรุงเทพ,10330.0,from Excel file,2022-01-01
57029,EDMUND,NG,,edmund.yt.ng@gmail.com,29DEC2510,,,,,,,,from Excel file,2022-01-01
57030,พลกฤค,รุจิรชัยนนท์,084-141-7514,phonlakrit.r@hotmail.com,19JUN2534,53/2,,กาญจนาภิเษก,บางบอน,บางบอน,กรุงเทพ,10150.0,from Excel file,2022-01-01
57031,นิวัฒน์ (อ้น),สิงห์ชนะชัยกุล,090-945-9515,,13SEP2522,198/294,,สาทร,ทุ่งวัดดอน,สาทร,กรุงเทพ,10120.0,from Excel file,2022-01-01
57032,พรนภา,เทพทินกร,081-732-3333,sassysuri@msn.com,13SEP2522,444/2,,ร่วมน้ำใจแยก 4,-,วังทองหลาง,กรุงเทพ,10310.0,from Excel file,2022-01-01
57033,ไปรยา(คุณเอื้อย),ลาภโรจน์กิจ,081-898-0893,,13SEP2522,1487,,เพชรเกษม,,หาดใหญ่,สงขลา,90110.0,from Excel file,2022-01-01
57001,นันทิยา,ดวงตา,091-050-0610,oolynoe.nn288@gmail.com,12APR2533,8/65-72,,สุนทรโกษา,คลองเตย,คลองเตย,กรุงเทพ,10110.0,from Excel file,2022-01-01
57002,นงพนา,พยัคฆาธรรม,095-474-6974,-,20APR2533,3,,นราธิวาส 18,ช่องนนทรี,ยานนาวา,กรุงเทพ,10120.0,from Excel file,2022-01-01
57003,รศยุพา (K.ต้อม),มีคะเสน,081-644-7029,rosyupa@set.or.th,20APR2533,51/229,,พหลโยธิน,หลักหก,เมือง,ปทุมธานี,12000.0,from Excel file,2022-01-01
57004,ศิรินันท์ (อ้อ),ศิริพานิช,081-809-9491,sirisiripanich@gmail.com,10JUN2527,86/7,,สุขุมวิท 31,คลองตันเหนือ,วัฒนา,กรุงเทพ,10110.0,from Excel file,2022-01-01
57005,ชญาธร,เดชเลิศกำจร,080-184-2626,,02OCT2506,599/12,,รัชดาภิเษก,จตุจักร,จตุจักร,กรุงเทพ,10900.0,from Excel file,2022-01-01
57006,วรวิทย์,ศิริพากย์,081-822-2525,vsiripark@panpuri.com,02OCT2506,44,17th Smooth life Tower ,สาธรเหนือ,สีลม,บางรัก,กรุงเทพ,10500.0,from Excel file,2022-01-01
57007,Yin Mui (Kelly),Yeung,,,02OCT2506,,,,,,,,from Excel file,2022-01-01
57008,Samson,Yeung,,sansom@sharpca.com.hk,02OCT2506,,,,,,,,from Excel file,2022-01-01
57009,Liliane,Leang,081-890-1292,lilianeleang@gmail.com,14DEC2525,39/401,,สาทรใต้,ยานนาวา,,กรุงเทพ,10120.0,from Excel file,2022-01-01
57010,นลินรัตน์,พูลวรลักษณ์,083-515-5954,,02JUN2506,31/1,,ตากสิน33,คลองสาน,ธนบุรี,กทม.,10600.0,from Excel file,2022-01-01
57011,วิชัย,พูลวรลักษณ์,,,02JUN2506,31/1,,ตากสิน33,คลองสาน,ธนบุรี,กทม.,10600.0,from Excel file,2022-01-01
57012,พรรณวิลาส (เจน),ชัยเชาวรัตน์,082-416-9393,,02JUN2506,9/175,,ศรีนครินร์ 46/1,หนองบอน,ประเวศ,กรุงเทพ,10250.0,from Excel file,2022-01-01
57013,ชนกวนันท์,รักชีพ,095-645-6659,tooktook24@hotmail.com,02JAN2521,66/6,,รามอินทรา66 แยก4,รามอินทรา,คันนายาว,กรุงเทพ,10230.0,from Excel file,2022-01-01
57014,Darika,Jagota,081-964-2661,darikajagota@gmail.com,26SEP2528,110/68,Millenium  Residence,,สุขุมวิท 20,คลองเตย,กรุงเทพ,10110.0,from Excel file,2022-01-01
57015,เจษฎา,โตวิรัตน์,086-350-2525,,21APR2522,56,,พึ่งมี 50 สุขุมวิท 93,บางจาก,พระโขนง,กรุงเทพ,10260.0,from Excel file,2022-01-01
57016,ชญาดา (พี่ก้อย),วิภัติภูมิประเทศ,081-564-3333,goichayada@yahoo.com,09NOV2518,54,,สุวินทวงศ์,มีนบุรี,มีนบุรี,กรุงเทพ,10510.0,from Excel file,2022-01-01
57017,กานต์กนิษฐ์ (พี่กานต์),แห้วสันตติ,092-626-9615,karnkanit.h@gmail.com,31DEC2519,35,,พหลโยธิน19/1,จตุจักร,จตุจักร,กรุงเทพ,10900.0,from Excel file,2022-01-01
57018,ชนาธิป (พี่โอ๋),นิติภานนท์,089-990-0224,oohwwa@hotmail.com,20JUN2518,9/515,,,คันนายาว,คันนายาว,กรุงเทพ,10230.0,from Excel file,2022-01-01
57019,วรวุฒิ (แชมป์),วัชนุชา,084-178-0125,baaboo@outlook.com,23JUL2530,ไม่สะดวกให้ที่อยู่,,,,,กรุงเทพ,,from Excel file,2022-01-01
57020,วุฒิไกร (พี่โอ),ศรีธวัช ณ อยุธยา,089-990-0224,,17JUL2518,9/515,,,คันนายาว,คันนายาว,กรุงเทพ,10230.0,from Excel file,2022-01-01
57021,สุรัตน์ ,อนุเดช,094-465-5915,suratoat@hotmail.com,20JUL2530,31,,ประชาราษฎ์1,บางซื่อ,บางซื่อ,กรุงเทพ,10800.0,from Excel file,2022-01-01
57022,เปิ้ล,ลิ้วห้อง,089-645-1495,apple_za_09@hotmail.com,28OCT2534,1444/20,,ถนนนครไชยศรี,ดุสิต,ดุสิต,กรุงเทพ,10300.0,from Excel file,2022-01-01
57023,จิรกิตต์  (แวม),โคนำชัยพร,086-808-6616,,19NOV2526,224,,ศรีอยุธยา,วชิรพยาบาล,ดุสิต,กรุงเทพ,10300.0,from Excel file,2022-01-01
57024,ED,NG,,,19NOV2526,,,,,,,,from Excel file,2022-01-01
57025,วิยะดา,เกิดมงคล,094-645-6263,,23MAR2528,1444/20,,ถนนนครไชยศรี,ดุสิต,ดุสิต,กรุงเทพ,10300.0,from Excel file,2022-01-01
57026,ธาดา (เปรี้ยว),เสนาะ,087-555-9150,,23MAR2528,89/8,,กรุงธน,,คลองสาน,กรุงเทพ,10600.0,from Excel file,2022-01-01
57027,Seng Giap Tom,Tan,081-994-5945,,24JUN2520,54/27,,ซ.หลังสวน,ลุมพินี,ปทุมวัน,กรุงเทพ,10330.0,from Excel file,2022-01-01
57028,สุเมธ (อุ้ย),ศรีเมือง,085-496-5656,,29DEC2510,54/27,,ซ.หลังสวน,ลุมพินี,ปทุมวัน,กรุงเทพ,10330.0,from Excel file,2022-01-01
57029,EDMUND,NG,,edmund.yt.ng@gmail.com,29DEC2510,,,,,,,,from Excel file,2022-01-01
57030,พลกฤค,รุจิรชัยนนท์,084-141-7514,phonlakrit.r@hotmail.com,19JUN2534,53/2,,กาญจนาภิเษก,บางบอน,บางบอน,กรุงเทพ,10150.0,from Excel file,2022-01-01
57031,นิวัฒน์ (อ้น),สิงห์ชนะชัยกุล,090-945-9515,,13SEP2522,198/294,,สาทร,ทุ่งวัดดอน,สาทร,กรุงเทพ,10120.0,from Excel file,2022-01-01
57032,พรนภา,เทพทินกร,081-732-3333,sassysuri@msn.com,13SEP2522,444/2,,ร่วมน้ำใจแยก 4,-,วังทองหลาง,กรุงเทพ,10310.0,from Excel file,2022-01-01
57033,ไปรยา(คุณเอื้อย),ลาภโรจน์กิจ,081-898-0893,,13SEP2522,1487,,เพชรเกษม,,หาดใหญ่,สงขลา,90110.0,from Excel file,2022-01-01
57001,นันทิยา,ดวงตา,091-050-0610,oolynoe.nn288@gmail.com,12APR2533,8/65-72,,สุนทรโกษา,คลองเตย,คลองเตย,กรุงเทพ,10110.0,from Excel file,2022-01-01
57002,นงพนา,พยัคฆาธรรม,095-474-6974,-,20APR2533,3,,นราธิวาส 18,ช่องนนทรี,ยานนาวา,กรุงเทพ,10120.0,from Excel file,2022-01-01
57003,รศยุพา (K.ต้อม),มีคะเสน,081-644-7029,rosyupa@set.or.th,20APR2533,51/229,,พหลโยธิน,หลักหก,เมือง,ปทุมธานี,12000.0,from Excel file,2022-01-01
57004,ศิรินันท์ (อ้อ),ศิริพานิช,081-809-9491,sirisiripanich@gmail.com,10JUN2527,86/7,,สุขุมวิท 31,คลองตันเหนือ,วัฒนา,กรุงเทพ,10110.0,from Excel file,2022-01-01
57005,ชญาธร,เดชเลิศกำจร,080-184-2626,,02OCT2506,599/12,,รัชดาภิเษก,จตุจักร,จตุจักร,กรุงเทพ,10900.0,from Excel file,2022-01-01
57006,วรวิทย์,ศิริพากย์,081-822-2525,vsiripark@panpuri.com,02OCT2506,44,17th Smooth life Tower ,สาธรเหนือ,สีลม,บางรัก,กรุงเทพ,10500.0,from Excel file,2022-01-01
57007,Yin Mui (Kelly),Yeung,,,02OCT2506,,,,,,,,from Excel file,2022-01-01
57008,Samson,Yeung,,sansom@sharpca.com.hk,02OCT2506,,,,,,,,from Excel file,2022-01-01
57009,Liliane,Leang,081-890-1292,lilianeleang@gmail.com,14DEC2525,39/401,,สาทรใต้,ยานนาวา,,กรุงเทพ,10120.0,from Excel file,2022-01-01
57010,นลินรัตน์,พูลวรลักษณ์,083-515-5954,,02JUN2506,31/1,,ตากสิน33,คลองสาน,ธนบุรี,กทม.,10600.0,from Excel file,2022-01-01
57011,วิชัย,พูลวรลักษณ์,,,02JUN2506,31/1,,ตากสิน33,คลองสาน,ธนบุรี,กทม.,10600.0,from Excel file,2022-01-01
57012,พรรณวิลาส (เจน),ชัยเชาวรัตน์,082-416-9393,,02JUN2506,9/175,,ศรีนครินร์ 46/1,หนองบอน,ประเวศ,กรุงเทพ,10250.0,from Excel file,2022-01-01
57013,ชนกวนันท์,รักชีพ,095-645-6659,tooktook24@hotmail.com,02JAN2521,66/6,,รามอินทรา66 แยก4,รามอินทรา,คันนายาว,กรุงเทพ,10230.0,from Excel file,2022-01-01
57014,Darika,Jagota,081-964-2661,darikajagota@gmail.com,26SEP2528,110/68,Millenium  Residence,,สุขุมวิท 20,คลองเตย,กรุงเทพ,10110.0,from Excel file,2022-01-01
57015,เจษฎา,โตวิรัตน์,086-350-2525,,21APR2522,56,,พึ่งมี 50 สุขุมวิท 93,บางจาก,พระโขนง,กรุงเทพ,10260.0,from Excel file,2022-01-01
57016,ชญาดา (พี่ก้อย),วิภัติภูมิประเทศ,081-564-3333,goichayada@yahoo.com,09NOV2518,54,,สุวินทวงศ์,มีนบุรี,มีนบุรี,กรุงเทพ,10510.0,from Excel file,2022-01-01
57017,กานต์กนิษฐ์ (พี่กานต์),แห้วสันตติ,092-626-9615,karnkanit.h@gmail.com,31DEC2519,35,,พหลโยธิน19/1,จตุจักร,จตุจักร,กรุงเทพ,10900.0,from Excel file,2022-01-01
57018,ชนาธิป (พี่โอ๋),นิติภานนท์,089-990-0224,oohwwa@hotmail.com,20JUN2518,9/515,,,คันนายาว,คันนายาว,กรุงเทพ,10230.0,from Excel file,2022-01-01
57019,วรวุฒิ (แชมป์),วัชนุชา,084-178-0125,baaboo@outlook.com,23JUL2530,ไม่สะดวกให้ที่อยู่,,,,,กรุงเทพ,,from Excel file,2022-01-01
57020,วุฒิไกร (พี่โอ),ศรีธวัช ณ อยุธยา,089-990-0224,,17JUL2518,9/515,,,คันนายาว,คันนายาว,กรุงเทพ,10230.0,from Excel file,2022-01-01
57021,สุรัตน์ ,อนุเดช,094-465-5915,suratoat@hotmail.com,20JUL2530,31,,ประชาราษฎ์1,บางซื่อ,บางซื่อ,กรุงเทพ,10800.0,from Excel file,2022-01-01
57022,เปิ้ล,ลิ้วห้อง,089-645-1495,apple_za_09@hotmail.com,28OCT2534,1444/20,,ถนนนครไชยศรี,ดุสิต,ดุสิต,กรุงเทพ,10300.0,from Excel file,2022-01-01
57023,จิรกิตต์  (แวม),โคนำชัยพร,086-808-6616,,19NOV2526,224,,ศรีอยุธยา,วชิรพยาบาล,ดุสิต,กรุงเทพ,10300.0,from Excel file,2022-01-01
57024,ED,NG,,,19NOV2526,,,,,,,,from Excel file,2022-01-01
57025,วิยะดา,เกิดมงคล,094-645-6263,,23MAR2528,1444/20,,ถนนนครไชยศรี,ดุสิต,ดุสิต,กรุงเทพ,10300.0,from Excel file,2022-01-01
57026,ธาดา (เปรี้ยว),เสนาะ,087-555-9150,,23MAR2528,89/8,,กรุงธน,,คลองสาน,กรุงเทพ,10600.0,from Excel file,2022-01-01
57027,Seng Giap Tom,Tan,081-994-5945,,24JUN2520,54/27,,ซ.หลังสวน,ลุมพินี,ปทุมวัน,กรุงเทพ,10330.0,from Excel file,2022-01-01
57028,สุเมธ (อุ้ย),ศรีเมือง,085-496-5656,,29DEC2510,54/27,,ซ.หลังสวน,ลุมพินี,ปทุมวัน,กรุงเทพ,10330.0,from Excel file,2022-01-01
57029,EDMUND,NG,,edmund.yt.ng@gmail.com,29DEC2510,,,,,,,,from Excel file,2022-01-01
57030,พลกฤค,รุจิรชัยนนท์,084-141-7514,phonlakrit.r@hotmail.com,19JUN2534,53/2,,กาญจนาภิเษก,บางบอน,บางบอน,กรุงเทพ,10150.0,from Excel file,2022-01-01
57031,นิวัฒน์ (อ้น),สิงห์ชนะชัยกุล,090-945-9515,,13SEP2522,198/294,,สาทร,ทุ่งวัดดอน,สาทร,กรุงเทพ,10120.0,from Excel file,2022-01-01
57032,พรนภา,เทพทินกร,081-732-3333,sassysuri@msn.com,13SEP2522,444/2,,ร่วมน้ำใจแยก 4,-,วังทองหลาง,กรุงเทพ,10310.0,from Excel file,2022-01-01
57033,ไปรยา(คุณเอื้อย),ลาภโรจน์กิจ,081-898-0893,,13SEP2522,1487,,เพชรเกษม,,หาดใหญ่,สงขลา,90110.0,from Excel file,2022-01-01
57034,kk,jj,00,example@mail.com,1992-07-06,xx/xx,-,-,-,-,-,-,test,2023-05-26
